design,image,filter,threads,nodes,rank,reps,read_ms,comm_ms,filter_wall_ms,filter_cpu_ms,write_ms,total_wall_ms,total_cpu_ms
openmp,damma.pgm,blur,1,1,0,5,28.718,0.0,25.578,25.577,32.758,87.387,56.317
openmp,damma.pgm,blur,16,1,0,5,29.469,0.0,7.135,77.792,33.195,70.773,128.07
openmp,damma.pgm,blur,2,1,0,5,28.888,0.0,13.483,26.017,32.619,75.119,58.977
openmp,damma.pgm,blur,4,1,0,5,28.979,0.0,6.965,18.512,32.82,68.65,61.805
openmp,damma.pgm,blur,8,1,0,5,29.463,0.0,6.369,37.696,33.786,69.002,78.064
openmp,damma.pgm,laplace,1,1,0,5,28.718,0.0,33.177,33.176,26.19,87.945,60.968
openmp,damma.pgm,laplace,16,1,0,5,29.469,0.0,6.812,69.002,26.819,63.603,120.027
openmp,damma.pgm,laplace,2,1,0,5,28.888,0.0,16.627,30.864,25.722,70.946,62.445
openmp,damma.pgm,laplace,4,1,0,5,28.979,0.0,8.355,30.63,25.89,63.224,65.094
openmp,damma.pgm,laplace,8,1,0,5,29.463,0.0,6.821,40.924,27.067,62.959,81.093
openmp,damma.pgm,sharpen,1,1,0,5,28.718,0.0,26.077,26.075,32.014,86.809,55.969
openmp,damma.pgm,sharpen,16,1,0,5,29.469,0.0,6.062,64.036,33.26,68.546,115.586
openmp,damma.pgm,sharpen,2,1,0,5,28.888,0.0,13.427,25.519,31.407,73.79,58.333
openmp,damma.pgm,sharpen,4,1,0,5,28.979,0.0,6.808,21.927,31.445,67.577,60.571
openmp,damma.pgm,sharpen,8,1,0,5,29.463,0.0,5.994,36.207,32.47,67.956,76.365
openmp,damma.ppm,blur,1,1,0,5,82.481,0.0,75.644,75.64,89.35,247.308,164.488
openmp,damma.ppm,blur,16,1,0,5,81.793,0.0,15.645,176.618,90.69,188.129,285.426
openmp,damma.ppm,blur,2,1,0,5,81.339,0.0,38.025,74.854,88.586,211.666,166.656
openmp,damma.ppm,blur,4,1,0,5,84.613,0.0,26.066,90.668,89.131,200.29,186.314
openmp,damma.ppm,blur,8,1,0,5,81.979,0.0,17.576,99.709,90.128,189.375,196.639
openmp,damma.ppm,laplace,1,1,0,5,82.481,0.0,89.07,89.052,68.46,239.909,169.506
openmp,damma.ppm,laplace,16,1,0,5,81.793,0.0,13.512,166.555,68.044,163.211,270.782
openmp,damma.ppm,laplace,2,1,0,5,81.339,0.0,45.109,87.263,69.312,196.228,170.48
openmp,damma.ppm,laplace,4,1,0,5,84.613,0.0,25.593,95.648,69.051,177.189,183.181
openmp,damma.ppm,laplace,8,1,0,5,81.979,0.0,19.151,111.684,68.845,170.223,202.496
openmp,damma.ppm,sharpen,1,1,0,5,82.481,0.0,75.753,75.749,87.184,248.478,163.981
openmp,damma.ppm,sharpen,16,1,0,5,81.793,0.0,11.908,153.823,87.079,180.736,262.884
openmp,damma.ppm,sharpen,2,1,0,5,81.339,0.0,38.458,74.272,87.405,207.238,164.177
openmp,damma.ppm,sharpen,4,1,0,5,84.613,0.0,21.812,81.225,88.77,193.746,176.02
openmp,damma.ppm,sharpen,8,1,0,5,81.979,0.0,17.506,105.088,86.991,186.456,205.399
openmp,sulfur.pgm,blur,1,1,0,5,18.446,0.0,16.984,16.982,22.182,58.16,35.883
openmp,sulfur.pgm,blur,16,1,0,5,18.731,0.0,6.493,67.32,22.201,47.216,104.829
openmp,sulfur.pgm,blur,2,1,0,5,18.616,0.0,8.801,16.947,21.408,48.181,37.481
openmp,sulfur.pgm,blur,4,1,0,5,18.091,0.0,4.524,11.907,20.368,42.838,39.448
openmp,sulfur.pgm,blur,8,1,0,5,17.837,0.0,3.718,22.506,20.445,41.7,53.51
openmp,sulfur.pgm,laplace,1,1,0,5,18.446,0.0,20.572,20.572,18.695,57.854,38.308
openmp,sulfur.pgm,laplace,16,1,0,5,18.731,0.0,4.972,51.444,18.296,41.812,90.086
openmp,sulfur.pgm,laplace,2,1,0,5,18.616,0.0,10.776,19.73,17.723,47.093,40.641
openmp,sulfur.pgm,laplace,4,1,0,5,18.091,0.0,5.361,19.743,17.321,40.806,41.871
openmp,sulfur.pgm,laplace,8,1,0,5,17.837,0.0,4.379,24.122,16.869,39.073,56.414
openmp,sulfur.pgm,sharpen,1,1,0,5,18.446,0.0,16.809,16.809,22.375,57.63,35.683
openmp,sulfur.pgm,sharpen,16,1,0,5,18.731,0.0,4.464,47.882,21.011,43.942,85.831
openmp,sulfur.pgm,sharpen,2,1,0,5,18.616,0.0,8.727,15.925,20.63,48.632,37.254
openmp,sulfur.pgm,sharpen,4,1,0,5,18.091,0.0,4.377,9.642,19.352,41.913,38.913
openmp,sulfur.pgm,sharpen,8,1,0,5,17.837,0.0,3.922,25.321,19.657,41.303,53.46
openmp,sulfur.ppm,blur,1,1,0,5,53.521,0.0,48.53,48.528,55.917,157.968,106.169
openmp,sulfur.ppm,blur,16,1,0,5,54.41,0.0,11.559,122.221,56.702,123.45,199.946
openmp,sulfur.ppm,blur,2,1,0,5,53.759,0.0,24.697,46.144,54.932,134.01,108.376
openmp,sulfur.ppm,blur,4,1,0,5,54.633,0.0,12.66,48.478,55.535,122.787,111.909
openmp,sulfur.ppm,blur,8,1,0,5,54.544,0.0,11.619,65.944,55.839,122.423,133.703
openmp,sulfur.ppm,laplace,1,1,0,5,53.521,0.0,55.601,55.599,45.211,154.514,108.784
openmp,sulfur.ppm,laplace,16,1,0,5,54.41,0.0,10.035,111.006,45.13,109.833,187.236
openmp,sulfur.ppm,laplace,2,1,0,5,53.759,0.0,28.393,54.697,44.77,127.3,111.314
openmp,sulfur.ppm,laplace,4,1,0,5,54.633,0.0,14.496,47.955,44.314,113.326,114.608
openmp,sulfur.ppm,laplace,8,1,0,5,54.544,0.0,11.538,73.299,44.928,110.951,138.428
openmp,sulfur.ppm,sharpen,1,1,0,5,53.521,0.0,48.694,48.684,54.961,157.777,105.874
openmp,sulfur.ppm,sharpen,16,1,0,5,54.41,0.0,7.076,95.489,54.388,117.008,186.544
openmp,sulfur.ppm,sharpen,2,1,0,5,53.759,0.0,25.227,50.016,53.368,132.516,108.87
openmp,sulfur.ppm,sharpen,4,1,0,5,54.633,0.0,13.047,45.91,53.594,121.828,112.499
openmp,sulfur.ppm,sharpen,8,1,0,5,54.544,0.0,11.369,65.66,54.445,120.144,134.545
