img,filter,region,reps,cpu_ms
damma.pgm,blur,abajo-derecha,5,6.465
damma.pgm,blur,abajo-izquierda,5,6.493
damma.pgm,blur,arriba-derecha,5,6.513
damma.pgm,blur,arriba-izquierda,5,6.715
damma.pgm,laplace,abajo-derecha,5,8.155
damma.pgm,laplace,abajo-izquierda,5,8.115
damma.pgm,laplace,arriba-derecha,5,8.238
damma.pgm,laplace,arriba-izquierda,5,8.791
damma.pgm,sharpen,abajo-derecha,5,6.51
damma.pgm,sharpen,abajo-izquierda,5,6.695
damma.pgm,sharpen,arriba-derecha,5,6.627
damma.pgm,sharpen,arriba-izquierda,5,6.572
damma.ppm,blur,abajo-derecha,5,19.944
damma.ppm,blur,abajo-izquierda,5,19.011
damma.ppm,blur,arriba-derecha,5,18.981
damma.ppm,blur,arriba-izquierda,5,18.961
damma.ppm,laplace,abajo-derecha,5,22.423
damma.ppm,laplace,abajo-izquierda,5,22.529
damma.ppm,laplace,arriba-derecha,5,22.697
damma.ppm,laplace,arriba-izquierda,5,22.555
damma.ppm,sharpen,abajo-derecha,5,19.26
damma.ppm,sharpen,abajo-izquierda,5,19.702
damma.ppm,sharpen,arriba-derecha,5,19.682
damma.ppm,sharpen,arriba-izquierda,5,19.655
sulfur.pgm,blur,abajo-derecha,5,4.333
sulfur.pgm,blur,abajo-izquierda,5,4.354
sulfur.pgm,blur,arriba-derecha,5,4.34
sulfur.pgm,blur,arriba-izquierda,5,4.344
sulfur.pgm,laplace,abajo-derecha,5,5.326
sulfur.pgm,laplace,abajo-izquierda,5,5.351
sulfur.pgm,laplace,arriba-derecha,5,5.168
sulfur.pgm,laplace,arriba-izquierda,5,5.264
sulfur.pgm,sharpen,abajo-derecha,5,4.353
sulfur.pgm,sharpen,abajo-izquierda,5,4.363
sulfur.pgm,sharpen,arriba-derecha,5,4.346
sulfur.pgm,sharpen,arriba-izquierda,5,4.37
sulfur.ppm,blur,abajo-derecha,5,12.322
sulfur.ppm,blur,abajo-izquierda,5,12.254
sulfur.ppm,blur,arriba-derecha,5,12.293
sulfur.ppm,blur,arriba-izquierda,5,12.296
sulfur.ppm,laplace,abajo-derecha,5,14.431
sulfur.ppm,laplace,abajo-izquierda,5,14.325
sulfur.ppm,laplace,arriba-derecha,5,14.196
sulfur.ppm,laplace,arriba-izquierda,5,14.321
sulfur.ppm,sharpen,abajo-derecha,5,12.733
sulfur.ppm,sharpen,abajo-izquierda,5,12.57
sulfur.ppm,sharpen,arriba-derecha,5,12.731
sulfur.ppm,sharpen,arriba-izquierda,5,12.744
