design,image,filter,workers,filter_wall_ms,total_wall_ms,speedup_filter,speedup_total,efficiency_filter
sequential,damma.pgm,blur,1,25.653,86.761,1.0,1.0,1.0
sequential,damma.pgm,laplace,1,38.341,94.079,1.0,1.0,1.0
sequential,damma.pgm,sharpen,1,25.906,86.324,1.0,1.0,1.0
sequential,damma.ppm,blur,1,75.717,243.933,1.0,1.0,1.0
sequential,damma.ppm,laplace,1,88.833,237.105,1.0,1.0,1.0
sequential,damma.ppm,sharpen,1,75.43,240.86,1.0,1.0,1.0
sequential,fruit.pgm,blur,1,8.606,33.057,1.0,1.0,1.0
sequential,fruit.pgm,laplace,1,9.396,30.903,1.0,1.0,1.0
sequential,fruit.pgm,sharpen,1,8.607,32.766,1.0,1.0,1.0
sequential,fruit.ppm,blur,1,24.348,90.636,1.0,1.0,1.0
sequential,fruit.ppm,laplace,1,25.864,82.527,1.0,1.0,1.0
sequential,fruit.ppm,sharpen,1,24.433,89.605,1.0,1.0,1.0
sequential,lena.pgm,blur,1,5.585,23.848,1.0,1.0,1.0
sequential,lena.pgm,laplace,1,6.845,23.222,1.0,1.0,1.0
sequential,lena.pgm,sharpen,1,5.575,23.558,1.0,1.0,1.0
sequential,lena.ppm,blur,1,1.018,7.996,1.0,1.0,1.0
sequential,lena.ppm,laplace,1,1.179,7.851,1.0,1.0,1.0
sequential,lena.ppm,sharpen,1,1.049,7.973,1.0,1.0,1.0
sequential,puj.pgm,blur,1,23.528,85.893,1.0,1.0,1.0
sequential,puj.pgm,laplace,1,28.79,85.922,1.0,1.0,1.0
sequential,puj.pgm,sharpen,1,24.937,87.452,1.0,1.0,1.0
sequential,puj.ppm,blur,1,68.501,238.535,1.0,1.0,1.0
sequential,puj.ppm,laplace,1,78.362,231.768,1.0,1.0,1.0
sequential,puj.ppm,sharpen,1,71.139,239.638,1.0,1.0,1.0
sequential,sulfur.pgm,blur,1,16.832,55.828,1.0,1.0,1.0
sequential,sulfur.pgm,laplace,1,20.75,57.164,1.0,1.0,1.0
sequential,sulfur.pgm,sharpen,1,17.135,55.994,1.0,1.0,1.0
sequential,sulfur.ppm,blur,1,48.613,157.694,1.0,1.0,1.0
sequential,sulfur.ppm,laplace,1,55.625,154.182,1.0,1.0,1.0
sequential,sulfur.ppm,sharpen,1,48.902,155.732,1.0,1.0,1.0
threads,damma.pgm,blur,4,6.908,68.835,3.714,1.26,0.928
threads,damma.pgm,laplace,4,8.515,64.771,4.503,1.452,1.126
threads,damma.pgm,sharpen,4,6.889,67.207,3.76,1.284,0.94
threads,damma.ppm,blur,4,20.026,192.469,3.781,1.267,0.945
threads,damma.ppm,laplace,4,23.014,177.596,3.86,1.335,0.965
threads,damma.ppm,sharpen,4,21.29,195.919,3.543,1.229,0.886
threads,sulfur.pgm,blur,4,4.636,43.4,3.631,1.286,0.908
threads,sulfur.pgm,laplace,4,5.523,40.939,3.757,1.396,0.939
threads,sulfur.pgm,sharpen,4,4.556,42.147,3.761,1.329,0.94
threads,sulfur.ppm,blur,4,12.634,123.451,3.848,1.277,0.962
threads,sulfur.ppm,laplace,4,14.714,115.521,3.78,1.335,0.945
threads,sulfur.ppm,sharpen,4,12.871,122.077,3.799,1.276,0.95
openmp,damma.pgm,blur,1,25.791,87.919,0.995,0.987,0.995
openmp,damma.pgm,blur,16,6.872,69.581,3.733,1.247,0.233
openmp,damma.pgm,blur,2,13.499,74.901,1.9,1.158,0.95
openmp,damma.pgm,blur,4,8.33,74.925,3.08,1.158,0.77
openmp,damma.pgm,blur,8,6.348,70.773,4.041,1.226,0.505
openmp,damma.pgm,laplace,1,32.387,88.307,1.184,1.065,1.184
openmp,damma.pgm,laplace,16,7.057,64.111,5.433,1.467,0.34
openmp,damma.pgm,laplace,2,16.565,72.915,2.315,1.29,1.157
openmp,damma.pgm,laplace,4,8.457,70.076,4.534,1.343,1.133
openmp,damma.pgm,laplace,8,6.876,64.738,5.576,1.453,0.697
openmp,damma.pgm,sharpen,1,26.099,87.744,0.993,0.984,0.993
openmp,damma.pgm,sharpen,16,6.15,68.993,4.212,1.251,0.263
openmp,damma.pgm,sharpen,2,13.415,74.474,1.931,1.159,0.966
openmp,damma.pgm,sharpen,4,9.805,74.26,2.642,1.162,0.661
openmp,damma.pgm,sharpen,8,5.979,68.894,4.333,1.253,0.542
openmp,damma.ppm,blur,1,75.541,247.754,1.002,0.985,1.002
openmp,damma.ppm,blur,16,17.543,186.759,4.316,1.306,0.27
openmp,damma.ppm,blur,2,38.106,210.216,1.987,1.16,0.994
openmp,damma.ppm,blur,4,27.479,196.406,2.755,1.242,0.689
openmp,damma.ppm,blur,8,17.768,190.053,4.261,1.283,0.533
openmp,damma.ppm,laplace,1,89.391,240.012,0.994,0.988,0.994
openmp,damma.ppm,laplace,16,12.796,163.698,6.942,1.448,0.434
openmp,damma.ppm,laplace,2,46.046,199.653,1.929,1.188,0.965
openmp,damma.ppm,laplace,4,25.451,176.015,3.49,1.347,0.873
openmp,damma.ppm,laplace,8,17.855,168.675,4.975,1.406,0.622
openmp,damma.ppm,sharpen,1,75.827,243.043,0.995,0.991,0.995
openmp,damma.ppm,sharpen,16,12.275,179.692,6.145,1.34,0.384
openmp,damma.ppm,sharpen,2,38.598,206.794,1.954,1.165,0.977
openmp,damma.ppm,sharpen,4,22.527,194.903,3.348,1.236,0.837
openmp,damma.ppm,sharpen,8,17.369,185.843,4.343,1.296,0.543
openmp,sulfur.pgm,blur,1,16.884,56.781,0.997,0.983,0.997
openmp,sulfur.pgm,blur,16,5.749,45.277,2.928,1.233,0.183
openmp,sulfur.pgm,blur,2,8.779,48.592,1.917,1.149,0.959
openmp,sulfur.pgm,blur,4,4.604,43.557,3.656,1.282,0.914
openmp,sulfur.pgm,blur,8,3.96,43.157,4.251,1.294,0.531
openmp,sulfur.pgm,laplace,1,20.657,57.831,1.005,0.988,1.005
openmp,sulfur.pgm,laplace,16,5.115,41.528,4.057,1.377,0.254
openmp,sulfur.pgm,laplace,2,10.694,47.289,1.94,1.209,0.97
openmp,sulfur.pgm,laplace,4,5.352,41.263,3.877,1.385,0.969
openmp,sulfur.pgm,laplace,8,4.375,40.042,4.743,1.428,0.593
openmp,sulfur.pgm,sharpen,1,17.052,56.191,1.005,0.996,1.005
openmp,sulfur.pgm,sharpen,16,4.777,43.143,3.587,1.298,0.224
openmp,sulfur.pgm,sharpen,2,8.726,47.2,1.964,1.186,0.982
openmp,sulfur.pgm,sharpen,4,4.393,43.473,3.901,1.288,0.975
openmp,sulfur.pgm,sharpen,8,3.892,42.319,4.403,1.323,0.55
openmp,sulfur.ppm,blur,1,48.699,156.972,0.998,1.005,0.998
openmp,sulfur.ppm,blur,16,10.532,122.056,4.616,1.292,0.288
openmp,sulfur.ppm,blur,2,25.063,138.006,1.94,1.143,0.97
openmp,sulfur.ppm,blur,4,12.916,126.568,3.764,1.246,0.941
openmp,sulfur.ppm,blur,8,11.593,122.896,4.193,1.283,0.524
openmp,sulfur.ppm,laplace,1,55.793,153.467,0.997,1.005,0.997
openmp,sulfur.ppm,laplace,16,9.447,107.569,5.888,1.433,0.368
openmp,sulfur.ppm,laplace,2,28.489,133.467,1.953,1.155,0.976
openmp,sulfur.ppm,laplace,4,14.57,119.451,3.818,1.291,0.954
openmp,sulfur.ppm,laplace,8,12.176,111.466,4.568,1.383,0.571
openmp,sulfur.ppm,sharpen,1,49.053,156.233,0.997,0.997,0.997
openmp,sulfur.ppm,sharpen,16,9.256,117.054,5.283,1.33,0.33
openmp,sulfur.ppm,sharpen,2,25.17,138.477,1.943,1.125,0.971
openmp,sulfur.ppm,sharpen,4,12.943,120.703,3.778,1.29,0.945
openmp,sulfur.ppm,sharpen,8,11.352,121.349,4.308,1.283,0.538
mpi,damma.pgm,blur,1,25.545,89.448,1.004,0.97,1.004
mpi,damma.pgm,blur,2,12.834,73.098,1.999,1.187,0.999
mpi,damma.pgm,blur,4,6.869,72.087,3.735,1.204,0.934
mpi,damma.pgm,laplace,1,32.69,89.026,1.173,1.057,1.173
mpi,damma.pgm,laplace,2,16.473,71.453,2.328,1.317,1.164
mpi,damma.pgm,laplace,4,8.287,68.481,4.627,1.374,1.157
mpi,damma.pgm,sharpen,1,25.84,88.272,1.003,0.978,1.003
mpi,damma.pgm,sharpen,2,12.975,71.704,1.997,1.204,0.998
mpi,damma.pgm,sharpen,4,7.593,71.626,3.412,1.205,0.853
mpi,damma.ppm,blur,1,75.141,250.533,1.008,0.974,1.008
mpi,damma.ppm,blur,2,45.615,215.148,1.66,1.134,0.83
mpi,damma.ppm,blur,4,18.969,203.676,3.992,1.198,0.998
mpi,damma.ppm,laplace,1,88.482,244.313,1.004,0.97,1.004
mpi,damma.ppm,laplace,2,47.315,203.748,1.877,1.164,0.939
mpi,damma.ppm,laplace,4,28.565,196.907,3.11,1.204,0.777
mpi,damma.ppm,sharpen,1,74.96,256.855,1.006,0.938,1.006
mpi,damma.ppm,sharpen,2,39.421,210.047,1.913,1.147,0.957
mpi,damma.ppm,sharpen,4,24.524,202.745,3.076,1.188,0.769
mpi,sulfur.pgm,blur,1,16.881,57.532,0.997,0.97,0.997
mpi,sulfur.pgm,blur,2,8.571,49.669,1.964,1.124,0.982
mpi,sulfur.pgm,blur,4,4.35,47.128,3.869,1.185,0.967
mpi,sulfur.pgm,laplace,1,20.632,59.059,1.006,0.968,1.006
mpi,sulfur.pgm,laplace,2,10.335,48.461,2.008,1.18,1.004
mpi,sulfur.pgm,laplace,4,8.569,48.333,2.422,1.183,0.605
mpi,sulfur.pgm,sharpen,1,16.931,57.215,1.012,0.979,1.012
mpi,sulfur.pgm,sharpen,2,8.598,47.806,1.993,1.171,0.996
mpi,sulfur.pgm,sharpen,4,4.295,47.179,3.99,1.187,0.997
mpi,sulfur.ppm,blur,1,48.665,158.596,0.999,0.994,0.999
mpi,sulfur.ppm,blur,2,27.172,135.258,1.789,1.166,0.895
mpi,sulfur.ppm,blur,4,12.325,131.442,3.944,1.2,0.986
mpi,sulfur.ppm,laplace,1,56.427,156.254,0.986,0.987,0.986
mpi,sulfur.ppm,laplace,2,28.297,131.199,1.966,1.175,0.983
mpi,sulfur.ppm,laplace,4,14.48,126.467,3.842,1.219,0.96
mpi,sulfur.ppm,sharpen,1,49.255,158.543,0.993,0.982,0.993
mpi,sulfur.ppm,sharpen,2,25.295,134.411,1.933,1.159,0.967
mpi,sulfur.ppm,sharpen,4,12.8,133.634,3.82,1.165,0.955
