design,image,threads,nodes,rank,filters,reps,total_wall_ms,total_cpu_ms,speedup_total
sequential,damma.pgm,1,1,0,3,5,209.947,151.512,1.0
sequential,damma.ppm,1,1,0,3,5,572.592,427.657,1.0
sequential,fruit.pgm,1,1,0,3,5,76.114,49.781,1.0
sequential,fruit.ppm,1,1,0,3,5,201.65,139.788,1.0
sequential,lena.pgm,1,1,0,3,5,54.754,34.436,1.0
sequential,lena.ppm,1,1,0,3,5,17.508,7.462,1.0
sequential,puj.pgm,1,1,0,3,5,201.359,141.126,1.0
sequential,puj.ppm,1,1,0,3,5,556.692,403.685,1.0
sequential,sulfur.pgm,1,1,0,3,5,138.528,95.318,1.0
sequential,sulfur.ppm,1,1,0,3,5,366.791,272.617,1.0
threads,damma.pgm,4,1,0,3,5,141.489,150.965,1.484
threads,damma.ppm,4,1,0,3,5,397.977,451.754,1.439
threads,sulfur.pgm,4,1,0,3,5,90.709,95.764,1.527
threads,sulfur.ppm,4,1,0,3,5,251.719,278.567,1.457
openmp,damma.pgm,1,1,0,3,5,206.942,148.356,1.015
openmp,damma.pgm,16,1,0,3,5,143.857,327.906,1.459
openmp,damma.pgm,2,1,0,3,5,163.642,154.589,1.283
openmp,damma.pgm,4,1,0,3,5,144.034,166.1,1.458
openmp,damma.pgm,8,1,0,3,5,143.085,210.981,1.467
openmp,damma.ppm,1,1,0,3,5,576.805,428.504,0.993
openmp,damma.ppm,16,1,0,3,5,372.505,749.678,1.537
openmp,damma.ppm,2,1,0,3,5,459.594,436.91,1.246
openmp,damma.ppm,4,1,0,3,5,403.324,459.713,1.42
openmp,damma.ppm,8,1,0,3,5,387.316,536.254,1.478
openmp,sulfur.pgm,1,1,0,3,5,136.988,94.58,1.011
openmp,sulfur.pgm,16,1,0,3,5,95.796,249.58,1.446
openmp,sulfur.pgm,2,1,0,3,5,107.445,100.702,1.289
openmp,sulfur.pgm,4,1,0,3,5,90.092,105.361,1.538
openmp,sulfur.pgm,8,1,0,3,5,89.079,149.345,1.555
openmp,sulfur.ppm,1,1,0,3,5,367.325,271.336,0.999
openmp,sulfur.ppm,16,1,0,3,5,244.517,522.242,1.5
openmp,sulfur.ppm,2,1,0,3,5,289.453,278.819,1.267
openmp,sulfur.ppm,4,1,0,3,5,252.217,289.407,1.454
openmp,sulfur.ppm,8,1,0,3,5,247.456,359.691,1.482
mpi,damma.pgm,1,1,0,3,5,438.607,184.073,0.479
mpi,damma.pgm,1,2,0,3,5,402.07,147.365,0.522
mpi,damma.pgm,1,2,1,3,5,402.075,193.794,0.522
mpi,damma.pgm,1,4,0,3,5,394.306,130.507,0.532
mpi,damma.pgm,1,4,1,3,5,393.917,185.264,0.533
mpi,damma.pgm,1,4,2,3,5,394.187,185.651,0.533
mpi,damma.pgm,1,4,3,3,5,394.338,186.228,0.532
mpi,damma.ppm,1,1,0,3,5,811.595,468.705,0.706
mpi,damma.ppm,1,2,0,3,5,697.721,363.352,0.821
mpi,damma.ppm,1,2,1,3,5,697.727,488.7,0.821
mpi,damma.ppm,1,4,0,3,5,674.192,321.414,0.849
mpi,damma.ppm,1,4,1,3,5,674.009,467.641,0.85
mpi,damma.ppm,1,4,2,3,5,674.199,461.997,0.849
mpi,damma.ppm,1,4,3,3,5,673.838,467.362,0.85
mpi,sulfur.pgm,1,1,0,3,5,360.244,122.037,0.385
mpi,sulfur.pgm,1,2,0,3,5,346.658,103.865,0.4
mpi,sulfur.pgm,1,2,1,3,5,346.664,140.261,0.4
mpi,sulfur.pgm,1,4,0,3,5,341.768,95.165,0.405
mpi,sulfur.pgm,1,4,1,3,5,342.071,132.816,0.405
mpi,sulfur.pgm,1,4,2,3,5,341.773,134.213,0.405
mpi,sulfur.pgm,1,4,3,3,5,342.076,134.546,0.405
mpi,sulfur.ppm,1,1,0,3,5,602.299,311.626,0.609
mpi,sulfur.ppm,1,2,0,3,5,531.553,237.813,0.69
mpi,sulfur.ppm,1,2,1,3,5,531.56,328.336,0.69
mpi,sulfur.ppm,1,4,0,3,5,525.26,223.805,0.698
mpi,sulfur.ppm,1,4,1,3,5,525.32,318.423,0.698
mpi,sulfur.ppm,1,4,2,3,5,525.305,318.006,0.698
mpi,sulfur.ppm,1,4,3,3,5,525.18,317.855,0.698
